hotel_name,locations,price,rating_val,rating_score,review,link
Premier Inn Abu Dhabi Airport Business Park,Abu Dhabi,52,Very good,8.1,"20,952 reviews",https://www.booking.com/hotel/ae/premier-inn-abu-dhabi-international-airport.en-gb.html?sid=662f44faaec2e1ba3fef0cb84253fa6d&aid=355028&ucfs=1&arphpl=1&checkin=2025-03-16&checkout=2025-03-17&dest_id=-782066&dest_type=city&group_adults=2&req_adults=2&no_rooms=1&group_children=0&req_children=0&hpos=1&hapos=1&sr_order=popularity&srpvid=8e0a655ddaac007b&srepoch=1742048700&all_sr_blocks=62146505_89031510_2_2_0_837366&highlighted_blocks=62146505_89031510_2_2_0_837366&matching_block_id=62146505_89031510_2_2_0_837366&sr_pri_blocks=62146505_89031510_2_2_0_837366_19110&from=searchresults
Novotel Abu Dhabi Al Bustan,Abu Dhabi,49,Good,7.6,"12,098 reviews",https://www.booking.com/hotel/ae/novotel-al-bustan-abu-dhabi.en-gb.html?sid=662f44faaec2e1ba3fef0cb84253fa6d&aid=355028&ucfs=1&arphpl=1&checkin=2025-03-16&checkout=2025-03-17&dest_id=-782066&dest_type=city&group_adults=2&req_adults=2&no_rooms=1&group_children=0&req_children=0&hpos=2&hapos=2&sr_order=popularity&srpvid=8e0a655ddaac007b&srepoch=1742048700&all_sr_blocks=57222501_86348145_2_42_0_736315&highlighted_blocks=57222501_86348145_2_42_0_736315&matching_block_id=57222501_86348145_2_42_0_736315&sr_pri_blocks=57222501_86348145_2_42_0_736315_17900&from_sustainable_property_sr=1&from=searchresults
Novotel Abu Dhabi Gate,Abu Dhabi,57,Very good,8.0,"3,527 reviews",https://www.booking.com/hotel/ae/novotel-abu-dhabi-gate.en-gb.html?sid=662f44faaec2e1ba3fef0cb84253fa6d&aid=355028&ucfs=1&arphpl=1&checkin=2025-03-16&checkout=2025-03-17&dest_id=-782066&dest_type=city&group_adults=2&req_adults=2&no_rooms=1&group_children=0&req_children=0&hpos=3&hapos=3&sr_order=popularity&srpvid=8e0a655ddaac007b&srepoch=1742048700&all_sr_blocks=43570506_94465200_2_42_0&highlighted_blocks=43570506_94465200_2_42_0&matching_block_id=43570506_94465200_2_42_0&sr_pri_blocks=43570506_94465200_2_42_0__21000&from_sustainable_property_sr=1&from=searchresults
"Royal Rose Abu Dhabi, a Curio Collection by Hilton Affiliated Hotel","Downtown Abu Dhabi, Abu Dhabi",109,Fabulous,8.8,"5,913 reviews",https://www.booking.com/hotel/ae/royal-rose-abu-dhabi.en-gb.html?sid=662f44faaec2e1ba3fef0cb84253fa6d&aid=355028&ucfs=1&arphpl=1&checkin=2025-03-16&checkout=2025-03-17&dest_id=-782066&dest_type=city&group_adults=2&req_adults=2&no_rooms=1&group_children=0&req_children=0&hpos=4&hapos=4&sr_order=popularity&srpvid=8e0a655ddaac007b&srepoch=1742048700&all_sr_blocks=70712921_394292592_2_42_0&highlighted_blocks=70712921_394292592_2_42_0&matching_block_id=70712921_394292592_2_42_0&sr_pri_blocks=70712921_394292592_2_42_0__40000&from_sustainable_property_sr=1&from=searchresults
Centro Al Manhal by Rotana,Abu Dhabi,54,Very good,8.3,"3,268 reviews",https://www.booking.com/hotel/ae/centro-al-manhal-abu-dhabi.en-gb.html?sid=662f44faaec2e1ba3fef0cb84253fa6d&aid=355028&ucfs=1&arphpl=1&checkin=2025-03-16&checkout=2025-03-17&dest_id=-782066&dest_type=city&group_adults=2&req_adults=2&no_rooms=1&group_children=0&req_children=0&hpos=5&hapos=5&sr_order=popularity&srpvid=8e0a655ddaac007b&srepoch=1742048700&all_sr_blocks=32223001_380530223_0_42_0_225109&highlighted_blocks=32223001_380530223_0_42_0_225109&matching_block_id=32223001_380530223_0_42_0_225109&sr_pri_blocks=32223001_380530223_0_42_0_225109_19900&from=searchresults
Holiday Inn Abu Dhabi by IHG,Abu Dhabi,64,Very good,8.1,"2,443 reviews",https://www.booking.com/hotel/ae/holiday-inn-abu-dhabi.en-gb.html?sid=662f44faaec2e1ba3fef0cb84253fa6d&aid=355028&ucfs=1&arphpl=1&checkin=2025-03-16&checkout=2025-03-17&dest_id=-782066&dest_type=city&group_adults=2&req_adults=2&no_rooms=1&group_children=0&req_children=0&hpos=6&hapos=6&sr_order=popularity&srpvid=8e0a655ddaac007b&srepoch=1742048700&all_sr_blocks=18579317_244937995_2_42_0&highlighted_blocks=18579317_244937995_2_42_0&matching_block_id=18579317_244937995_2_42_0&sr_pri_blocks=18579317_244937995_2_42_0__23400&from=searchresults
Millennium Al Rawdah Hotel,Abu Dhabi,75,Good,7.5,"10,488 reviews",https://www.booking.com/hotel/ae/hilton-capital-grand.en-gb.html?sid=662f44faaec2e1ba3fef0cb84253fa6d&aid=355028&ucfs=1&arphpl=1&checkin=2025-03-16&checkout=2025-03-17&dest_id=-782066&dest_type=city&group_adults=2&req_adults=2&no_rooms=1&group_children=0&req_children=0&hpos=7&hapos=7&sr_order=popularity&srpvid=8e0a655ddaac007b&srepoch=1742048700&all_sr_blocks=17613434_401320759_2_42_0_41084&highlighted_blocks=17613434_401320759_2_42_0_41084&matching_block_id=17613434_401320759_2_42_0_41084&sr_pri_blocks=17613434_401320759_2_42_0_41084_27500&from=searchresults
Novel Hotel City Center,"Downtown Abu Dhabi, Abu Dhabi",48,Good,7.6,"6,844 reviews",https://www.booking.com/hotel/ae/novotel-centre.en-gb.html?sid=662f44faaec2e1ba3fef0cb84253fa6d&aid=355028&ucfs=1&arphpl=1&checkin=2025-03-16&checkout=2025-03-17&dest_id=-782066&dest_type=city&group_adults=2&req_adults=2&no_rooms=1&group_children=0&req_children=0&hpos=8&hapos=8&sr_order=popularity&srpvid=8e0a655ddaac007b&srepoch=1742048700&all_sr_blocks=6724806_94284627_2_42_0&highlighted_blocks=6724806_94284627_2_42_0&matching_block_id=6724806_94284627_2_42_0&sr_pri_blocks=6724806_94284627_2_42_0__17472&from=searchresults
Kingsgate Hotel by Millennium,"Downtown Abu Dhabi, Abu Dhabi",51,Good,7.7,"1,925 reviews",https://www.booking.com/hotel/ae/kingsgate.en-gb.html?sid=662f44faaec2e1ba3fef0cb84253fa6d&aid=355028&ucfs=1&arphpl=1&checkin=2025-03-16&checkout=2025-03-17&dest_id=-782066&dest_type=city&group_adults=2&req_adults=2&no_rooms=1&group_children=0&req_children=0&hpos=9&hapos=9&sr_order=popularity&srpvid=8e0a655ddaac007b&srepoch=1742048700&all_sr_blocks=7267501_375104309_2_2_0&highlighted_blocks=7267501_375104309_2_2_0&matching_block_id=7267501_375104309_2_2_0&sr_pri_blocks=7267501_375104309_2_2_0__18900&from=searchresults
Al Diar Mina Hotel,"Downtown Abu Dhabi, Abu Dhabi",34,Review score,6.5,"2,153 reviews",https://www.booking.com/hotel/ae/al-diar-mina.en-gb.html?sid=662f44faaec2e1ba3fef0cb84253fa6d&aid=355028&ucfs=1&arphpl=1&checkin=2025-03-16&checkout=2025-03-17&dest_id=-782066&dest_type=city&group_adults=2&req_adults=2&no_rooms=1&group_children=0&req_children=0&hpos=10&hapos=10&sr_order=popularity&srpvid=8e0a655ddaac007b&srepoch=1742048700&all_sr_blocks=6902405_239542905_0_2_0&highlighted_blocks=6902405_239542905_0_2_0&matching_block_id=6902405_239542905_0_2_0&sr_pri_blocks=6902405_239542905_0_2_0__12350&from=searchresults
Premier Inn Abu Dhabi Capital Centre,Abu Dhabi,40,Very good,8.1,"9,245 reviews",https://www.booking.com/hotel/ae/premier-inn-abu-dhabi-capital-centre.en-gb.html?sid=662f44faaec2e1ba3fef0cb84253fa6d&aid=355028&ucfs=1&arphpl=1&checkin=2025-03-16&checkout=2025-03-17&dest_id=-782066&dest_type=city&group_adults=2&req_adults=2&no_rooms=1&group_children=0&req_children=0&hpos=11&hapos=11&sr_order=popularity&srpvid=8e0a655ddaac007b&srepoch=1742048700&all_sr_blocks=34019607_88790475_2_2_0_837566&highlighted_blocks=34019607_88790475_2_2_0_837566&matching_block_id=34019607_88790475_2_2_0_837566&sr_pri_blocks=34019607_88790475_2_2_0_837566_14700&from=searchresults
Hawthorn Extended Stay by Wyndham Abu Dhabi City Center,"Downtown Abu Dhabi, Abu Dhabi",48,Good,7.8,"4,717 reviews",https://www.booking.com/hotel/ae/hawthorn-suites.en-gb.html?sid=662f44faaec2e1ba3fef0cb84253fa6d&aid=355028&ucfs=1&arphpl=1&checkin=2025-03-16&checkout=2025-03-17&dest_id=-782066&dest_type=city&group_adults=2&req_adults=2&no_rooms=1&group_children=0&req_children=0&hpos=12&hapos=12&sr_order=popularity&srpvid=8e0a655ddaac007b&srepoch=1742048700&all_sr_blocks=6901730_339881171_2_42_0_242208&highlighted_blocks=6901730_339881171_2_42_0_242208&matching_block_id=6901730_339881171_2_42_0_242208&sr_pri_blocks=6901730_339881171_2_42_0_242208_17460&from=searchresults
Ramada Downtown Abu Dhabi,"Downtown Abu Dhabi, Abu Dhabi",51,Very good,8.2,"6,286 reviews",https://www.booking.com/hotel/ae/cristal-salam.en-gb.html?sid=662f44faaec2e1ba3fef0cb84253fa6d&aid=355028&ucfs=1&arphpl=1&checkin=2025-03-16&checkout=2025-03-17&dest_id=-782066&dest_type=city&group_adults=2&req_adults=2&no_rooms=1&group_children=0&req_children=0&hpos=13&hapos=13&sr_order=popularity&srpvid=8e0a655ddaac007b&srepoch=1742048700&all_sr_blocks=33514014_246099486_2_42_0_489906&highlighted_blocks=33514014_246099486_2_42_0_489906&matching_block_id=33514014_246099486_2_42_0_489906&sr_pri_blocks=33514014_246099486_2_42_0_489906_18900&from=searchresults
Ibis Abu Dhabi Gate,Abu Dhabi,52,Good,7.3,"6,358 reviews",https://www.booking.com/hotel/ae/ibis-abu-dhabi-gate.en-gb.html?sid=662f44faaec2e1ba3fef0cb84253fa6d&aid=355028&ucfs=1&arphpl=1&checkin=2025-03-16&checkout=2025-03-17&dest_id=-782066&dest_type=city&group_adults=2&req_adults=2&no_rooms=1&group_children=0&req_children=0&hpos=14&hapos=14&sr_order=popularity&srpvid=8e0a655ddaac007b&srepoch=1742048700&all_sr_blocks=43581504_94465238_2_42_0_168609&highlighted_blocks=43581504_94465238_2_42_0_168609&matching_block_id=43581504_94465238_2_42_0_168609&sr_pri_blocks=43581504_94465238_2_42_0_168609_19000&from_sustainable_property_sr=1&from=searchresults
La Quinta by Wyndham Abu Dhabi Al Wahda,Abu Dhabi,61,Superb,9.0,"1,411 reviews",https://www.booking.com/hotel/ae/la-quinta-by-wyndham-abu-dhabi-al-wahda.en-gb.html?sid=662f44faaec2e1ba3fef0cb84253fa6d&aid=355028&ucfs=1&arphpl=1&checkin=2025-03-16&checkout=2025-03-17&dest_id=-782066&dest_type=city&group_adults=2&req_adults=2&no_rooms=1&group_children=0&req_children=0&hpos=15&hapos=15&sr_order=popularity&srpvid=8e0a655ddaac007b&srepoch=1742048700&all_sr_blocks=1234071201_395388947_2_2_0&highlighted_blocks=1234071201_395388947_2_2_0&matching_block_id=1234071201_395388947_2_2_0&sr_pri_blocks=1234071201_395388947_2_2_0__22500&from=searchresults
Jannah Burj Al Sarab,"Downtown Abu Dhabi, Abu Dhabi",65,Very good,8.4,"7,620 reviews",https://www.booking.com/hotel/ae/jannah-burj-al-sarab.en-gb.html?sid=662f44faaec2e1ba3fef0cb84253fa6d&aid=355028&ucfs=1&arphpl=1&checkin=2025-03-16&checkout=2025-03-17&dest_id=-782066&dest_type=city&group_adults=2&req_adults=2&no_rooms=1&group_children=0&req_children=0&hpos=16&hapos=16&sr_order=popularity&srpvid=8e0a655ddaac007b&srepoch=1742048700&all_sr_blocks=137328303_243591091_0_42_0_89473&highlighted_blocks=137328303_243591091_0_42_0_89473&matching_block_id=137328303_243591091_0_42_0_89473&sr_pri_blocks=137328303_243591091_0_42_0_89473_24000&from=searchresults
Grand Villaggio Hotel Abu Dhabi,Abu Dhabi,50,Very good,8.3,"6,902 reviews",https://www.booking.com/hotel/ae/grand-villaggio.en-gb.html?sid=662f44faaec2e1ba3fef0cb84253fa6d&aid=355028&ucfs=1&arphpl=1&checkin=2025-03-16&checkout=2025-03-17&dest_id=-782066&dest_type=city&group_adults=2&req_adults=2&no_rooms=1&group_children=0&req_children=0&hpos=17&hapos=17&sr_order=popularity&srpvid=8e0a655ddaac007b&srepoch=1742048700&all_sr_blocks=830490501_348139229_2_2_0_351343&highlighted_blocks=830490501_348139229_2_2_0_351343&matching_block_id=830490501_348139229_2_2_0_351343&sr_pri_blocks=830490501_348139229_2_2_0_351343_18180&from=searchresults
Nehal Hotel,"Downtown Abu Dhabi, Abu Dhabi",47,Good,7.2,"4,073 reviews",https://www.booking.com/hotel/ae/nehal.en-gb.html?sid=662f44faaec2e1ba3fef0cb84253fa6d&aid=355028&ucfs=1&arphpl=1&checkin=2025-03-16&checkout=2025-03-17&dest_id=-782066&dest_type=city&group_adults=2&req_adults=2&no_rooms=1&group_children=0&req_children=0&hpos=18&hapos=18&sr_order=popularity&srpvid=8e0a655ddaac007b&srepoch=1742048700&all_sr_blocks=50679501_88790518_0_2_0&highlighted_blocks=50679501_88790518_0_2_0&matching_block_id=50679501_88790518_0_2_0&sr_pri_blocks=50679501_88790518_0_2_0__17100&from=searchresults
Pearl Rotana Capital Centre,Abu Dhabi,63,Fabulous,8.8,"3,067 reviews",https://www.booking.com/hotel/ae/pearl-rotana-abu-dhabi.en-gb.html?sid=662f44faaec2e1ba3fef0cb84253fa6d&aid=355028&ucfs=1&arphpl=1&checkin=2025-03-16&checkout=2025-03-17&dest_id=-782066&dest_type=city&group_adults=2&req_adults=2&no_rooms=1&group_children=0&req_children=0&hpos=19&hapos=19&sr_order=popularity&srpvid=8e0a655ddaac007b&srepoch=1742048700&all_sr_blocks=249410701_380530281_0_42_0&highlighted_blocks=249410701_380530281_0_42_0&matching_block_id=249410701_380530281_0_42_0&sr_pri_blocks=249410701_380530281_0_42_0__23100&from=searchresults
Southern Sun Abu Dhabi,"Downtown Abu Dhabi, Abu Dhabi",65,Very good,8.4,"7,401 reviews",https://www.booking.com/hotel/ae/southern-sun-abu-dhabi.en-gb.html?sid=662f44faaec2e1ba3fef0cb84253fa6d&aid=355028&ucfs=1&arphpl=1&checkin=2025-03-16&checkout=2025-03-17&dest_id=-782066&dest_type=city&group_adults=2&req_adults=2&no_rooms=1&group_children=0&req_children=0&hpos=20&hapos=20&sr_order=popularity&srpvid=8e0a655ddaac007b&srepoch=1742048700&all_sr_blocks=104552535_386255920_0_42_0&highlighted_blocks=104552535_386255920_0_42_0&matching_block_id=104552535_386255920_0_42_0&sr_pri_blocks=104552535_386255920_0_42_0__23750&from=searchresults
Villaggio Hotel Abu Dhabi,Abu Dhabi,44,Good,7.7,"1,984 reviews",https://www.booking.com/hotel/ae/one-to-one-the-village.en-gb.html?sid=662f44faaec2e1ba3fef0cb84253fa6d&aid=355028&ucfs=1&arphpl=1&checkin=2025-03-16&checkout=2025-03-17&dest_id=-782066&dest_type=city&group_adults=2&req_adults=2&no_rooms=1&group_children=0&req_children=0&hpos=21&hapos=21&sr_order=popularity&srpvid=8e0a655ddaac007b&srepoch=1742048700&all_sr_blocks=7444501_91906237_2_2_0&highlighted_blocks=7444501_91906237_2_2_0&matching_block_id=7444501_91906237_2_2_0&sr_pri_blocks=7444501_91906237_2_2_0__16200&from=searchresults
TRYP by Wyndham Abu Dhabi City Center,"Downtown Abu Dhabi, Abu Dhabi",53,Very good,8.1,"8,252 reviews",https://www.booking.com/hotel/ae/tryp-by-wyndham-abu-dhabi.en-gb.html?sid=662f44faaec2e1ba3fef0cb84253fa6d&aid=355028&ucfs=1&arphpl=1&checkin=2025-03-16&checkout=2025-03-17&dest_id=-782066&dest_type=city&group_adults=2&req_adults=2&no_rooms=1&group_children=0&req_children=0&hpos=22&hapos=22&sr_order=popularity&srpvid=8e0a655ddaac007b&srepoch=1742048700&all_sr_blocks=132551122_88962197_2_42_0&highlighted_blocks=132551122_88962197_2_42_0&matching_block_id=132551122_88962197_2_42_0&sr_pri_blocks=132551122_88962197_2_42_0__19350&from=searchresults
Al Jazeera Royal Hotel,"Downtown Abu Dhabi, Abu Dhabi",37,Good,7.1,"2,302 reviews",https://www.booking.com/hotel/ae/al-jazira-royal.en-gb.html?sid=662f44faaec2e1ba3fef0cb84253fa6d&aid=355028&ucfs=1&arphpl=1&checkin=2025-03-16&checkout=2025-03-17&dest_id=-782066&dest_type=city&group_adults=2&req_adults=2&no_rooms=1&group_children=0&req_children=0&hpos=23&hapos=23&sr_order=popularity&srpvid=8e0a655ddaac007b&srepoch=1742048700&all_sr_blocks=26419304_89004696_2_42_0&highlighted_blocks=26419304_89004696_2_42_0&matching_block_id=26419304_89004696_2_42_0&sr_pri_blocks=26419304_89004696_2_42_0__13500&from=searchresults
"Courtyard by Marriott World Trade Center, Abu Dhabi","Downtown Abu Dhabi, Abu Dhabi",69,Fabulous,8.6,"2,993 reviews",https://www.booking.com/hotel/ae/courtyard-by-marriott-world-trade-center-abu-dhabi.en-gb.html?sid=662f44faaec2e1ba3fef0cb84253fa6d&aid=355028&ucfs=1&arphpl=1&checkin=2025-03-16&checkout=2025-03-17&dest_id=-782066&dest_type=city&group_adults=2&req_adults=2&no_rooms=1&group_children=0&req_children=0&hpos=24&hapos=24&sr_order=popularity&srpvid=8e0a655ddaac007b&srepoch=1742048700&all_sr_blocks=124835402_265188682_2_2_0&highlighted_blocks=124835402_265188682_2_2_0&matching_block_id=124835402_265188682_2_2_0&sr_pri_blocks=124835402_265188682_2_2_0__25500&from=searchresults
Top Stars Hotel,"Downtown Abu Dhabi, Abu Dhabi",37,Good,7.8,"4,302 reviews",https://www.booking.com/hotel/ae/tob-stars.en-gb.html?sid=662f44faaec2e1ba3fef0cb84253fa6d&aid=355028&ucfs=1&arphpl=1&checkin=2025-03-16&checkout=2025-03-17&dest_id=-782066&dest_type=city&group_adults=2&req_adults=2&no_rooms=1&group_children=0&req_children=0&hpos=25&hapos=25&sr_order=popularity&srpvid=8e0a655ddaac007b&srepoch=1742048700&all_sr_blocks=40166007_266377157_2_0_0_821115&highlighted_blocks=40166007_266377157_2_0_0_821115&matching_block_id=40166007_266377157_2_0_0_821115&sr_pri_blocks=40166007_266377157_2_0_0_821115_13457&from=searchresults
